;Agnadello, Marconi, 6;Annicco, Giuseppe Garibaldi, 6;Bagnolo Cremasco, Roma, 3;Bonemerse, Roma, 25;Camisano, Trieste, 57;Capergnanica, XI febbraio, 7;Capralba, Piave, 2;Casalbuttano ed Uniti, Jacini, 23;Casale Cremasco-Vidolasco, Roma, 56;Casalmaggiore, Guglielmo Marconi, 8;Casalpusterlengo, Pusterla 7;Castelleone, Roma, 67;Castelverde, Ubaldo Ferrari, 15;Cingia de' Botti, Giuseppina, 79;Crema, Civerchi, 9;Crema, Dante Alighieri, 49;Cremona, Ugolani Dati, 4;Dovera, Oldrini 2;Fiesco, Giuseppe Parini, 10;Gadesco-Pieve Delmona, Giovanni Lonati 9;Grontardo, Roma, 16;Grumello Cremonese ed Uniti, Roma, 2;Gussola, Comaschi, 1;Isola Dovarese, Giacomo Matteotti, 1;Izano, Gerardo da Izano, 4/C;Madignano, Portici, 4;Martignana di Po, Libertà, 64;Monte Cremasco, Roma, 12;Montodine,  XXV Aprile, 10;Offanengo, Clavelli Martini, 5;Ostiano, Mazzini, 1;Paderno Ponchielli, Municipio, 3;Palazzo Pignano, Marco Polo, 31;Pandino, Castello, 15;Persico Dosimo, Albert ,7;Pescarolo ed Uniti, Giuseppe Mazzini, 73;Piadena, Platina, 40;Pianengo, Nenni;Pizzighettone, Giuseppe Garibaldi, 18;Manerbio, INSURREZIONE NAZIONALE;Viadana, A. Manzoni, 2;Ricengo, Guglielmo Marconi;Ripalta Cremasca, Roma, 5;Rivarolo del Re ed Uniti, Giovanni XXIII, 5;Rivolta d'Adda, Stefano Renzi, 5;Romanengo, Guaiarini, 14;San Bassano, Mons. Frosi;San Giovanni in Croce, Feudatari, 25 A;Scandolara Ravara, Italia;Sergnano, IV Novembre,  10;Sesto ed Uniti, Roma, 4;Solarolo Rainerio, Giuseppina, 81;Soncino, Dante Alighieri, 23;Soresina, Giacomo Matteotti, 6;Sospiro, Tosi;Spino d'Adda, Circonvallazione, 13;Trescore Cremasco, Vittorio Veneto, 1;Trigolo, Roma, 26;Vaiano Cremasco,  Gloriosi Caduti, 3;Vailate, Dante Alighieri, 7;Vescovato, Roma, 44;Cremona, Felice Cavallotti, 2;Cremona, Palosca n. 2;Casaletto Vaprio, Maggiore, 7;Cremona, Sesto 39
Agnadello, Marconi, 6;2.0;4.0;4.0;1.0;2.0;4.0;2.0;2.0;2.0;2.0;2.0;3.0;2.0;2.0;2.2;-1;1.5;2.0;2.0;1.5;2.0;2.0;2.0;2.0;2.0;2.0;2.0;4.0;4.0;2.0;2.0;4.0;4.0;3.0;1.5;3.0;2.0;2.0;1.5;1.5;2.0;2.0;4.0;2.0;3.0;2.0;2.0;2.3;2.0;2.0;2.0;3.0;2.0;1.5;-1;3.0;4.0;2.0;4.0;2.0;3.0;1.0;1.0;4.0;3.0
Annicco, Giuseppe Garibaldi, 6;2.0;2.0;2.0;3.0;2.0;2.0;2.0;2.0;2.0;3.0;4.0;3.0;2.0;4.0;2.8;-1;2.5;2.0;4.0;2.5;2.0;4.0;2.0;4.0;4.0;4.0;2.0;2.0;2.0;3.0;2.0;2.0;2.0;2.0;2.5;3.0;3.0;2.0;3.5;2.5;2.0;2.0;2.0;4.0;2.0;2.0;4.0;2.3;4.0;2.0;4.0;1.0;3.0;3.5;-1;2.0;2.0;4.0;2.0;2.0;2.0;3.0;3.0;2.0;1.0
Bagnolo Cremasco, Roma, 3;2.0;2.0;2.0;3.0;2.0;2.0;2.0;2.0;2.0;3.0;4.0;3.0;2.0;4.0;2.8;-1;2.5;2.0;4.0;2.5;2.0;4.0;2.0;4.0;4.0;4.0;2.0;2.0;2.0;3.0;2.0;2.0;2.0;2.0;2.5;3.0;3.0;2.0;3.5;2.5;2.0;2.0;2.0;4.0;2.0;2.0;4.0;2.3;4.0;2.0;4.0;1.0;3.0;3.5;-1;2.0;2.0;4.0;2.0;2.0;2.0;3.0;3.0;2.0;1.0
Bonemerse, Roma, 25;3.0;5.0;5.0;2.0;3.0;5.0;3.0;3.0;3.0;2.0;1.0;3.0;3.0;1.0;2.8;-1;2.5;3.0;1.0;2.5;3.0;1.0;3.0;1.0;1.0;1.0;3.0;5.0;5.0;2.0;3.0;5.0;5.0;4.0;2.5;3.0;2.0;3.0;1.5;2.5;3.0;3.0;5.0;1.0;4.0;3.0;1.0;2.7;1.0;3.0;1.0;4.0;2.0;1.5;-1;4.0;5.0;1.0;5.0;3.0;4.0;2.0;2.0;5.0;4.0
Camisano, Trieste, 57;2.0;4.0;4.0;1.0;2.0;4.0;2.0;2.0;2.0;2.0;2.0;3.0;2.0;2.0;2.2;-1;1.5;2.0;2.0;1.5;2.0;2.0;2.0;2.0;2.0;2.0;2.0;4.0;4.0;2.0;2.0;4.0;4.0;3.0;1.5;3.0;2.0;2.0;1.5;1.5;2.0;2.0;4.0;2.0;3.0;2.0;2.0;2.3;2.0;2.0;2.0;3.0;2.0;1.5;-1;3.0;4.0;2.0;4.0;2.0;3.0;1.0;1.0;4.0;3.0
Capergnanica, XI febbraio, 7;2.0;2.0;2.0;3.0;2.0;2.0;2.0;2.0;2.0;3.0;4.0;3.0;2.0;4.0;2.8;-1;2.5;2.0;4.0;2.5;2.0;4.0;2.0;4.0;4.0;4.0;2.0;2.0;2.0;3.0;2.0;2.0;2.0;2.0;2.5;3.0;3.0;2.0;3.5;2.5;2.0;2.0;2.0;4.0;2.0;2.0;4.0;2.3;4.0;2.0;4.0;1.0;3.0;3.5;-1;2.0;2.0;4.0;2.0;2.0;2.0;3.0;3.0;2.0;1.0
Capralba, Piave, 2;2.0;4.0;4.0;1.0;2.0;4.0;2.0;2.0;2.0;2.0;2.0;3.0;2.0;2.0;2.2;-1;1.5;2.0;2.0;1.5;2.0;2.0;2.0;2.0;2.0;2.0;2.0;4.0;4.0;2.0;2.0;4.0;4.0;3.0;1.5;3.0;2.0;2.0;1.5;1.5;2.0;2.0;4.0;2.0;3.0;2.0;2.0;2.3;2.0;2.0;2.0;3.0;2.0;1.5;-1;3.0;4.0;2.0;4.0;2.0;3.0;1.0;1.0;4.0;3.0
Casalbuttano ed Uniti, Jacini, 23;2.0;4.0;4.0;1.0;2.0;4.0;2.0;2.0;2.0;2.0;2.0;3.0;2.0;2.0;2.2;-1;1.5;2.0;2.0;1.5;2.0;2.0;2.0;2.0;2.0;2.0;2.0;4.0;4.0;2.0;2.0;4.0;4.0;3.0;1.5;3.0;2.0;2.0;1.5;1.5;2.0;2.0;4.0;2.0;3.0;2.0;2.0;2.3;2.0;2.0;2.0;3.0;2.0;1.5;-1;3.0;4.0;2.0;4.0;2.0;3.0;1.0;1.0;4.0;3.0
Casale Cremasco-Vidolasco, Roma, 56;2.0;4.0;4.0;1.0;2.0;4.0;2.0;2.0;2.0;2.0;2.0;3.0;2.0;2.0;2.2;-1;1.5;2.0;2.0;1.5;2.0;2.0;2.0;2.0;2.0;2.0;2.0;4.0;4.0;2.0;2.0;4.0;4.0;3.0;1.5;3.0;2.0;2.0;1.5;1.5;2.0;2.0;4.0;2.0;3.0;2.0;2.0;2.3;2.0;2.0;2.0;3.0;2.0;1.5;-1;3.0;4.0;2.0;4.0;2.0;3.0;1.0;1.0;4.0;3.0
Casalmaggiore, Guglielmo Marconi, 8;3.0;5.0;5.0;2.0;3.0;5.0;3.0;3.0;3.0;2.5;2.0;3.5;3.0;2.0;3.0;-1;2.5;3.0;2.0;2.5;3.0;2.0;3.0;2.0;2.0;2.0;3.0;5.0;5.0;2.5;3.0;5.0;5.0;4.0;2.5;3.5;2.5;3.0;2.0;2.5;3.0;3.0;5.0;2.0;4.0;3.0;2.0;3.0;2.0;3.0;2.0;4.0;2.5;2.0;-1;4.0;5.0;2.0;5.0;3.0;4.0;2.0;2.0;5.0;4.0
Casalpusterlengo, Pusterla 7;4.0;6.0;6.0;3.0;4.0;6.0;4.0;4.0;4.0;3.0;2.0;4.0;4.0;2.0;3.8;-1;3.5;4.0;2.0;3.5;4.0;2.0;4.0;2.0;2.0;2.0;4.0;6.0;6.0;3.0;4.0;6.0;6.0;5.0;3.5;4.0;3.0;4.0;2.5;3.5;4.0;4.0;6.0;2.0;5.0;4.0;2.0;3.7;2.0;4.0;2.0;5.0;3.0;2.5;-1;5.0;6.0;2.0;6.0;4.0;5.0;3.0;3.0;6.0;5.0
Castelleone, Roma, 67;3.0;4.0;4.0;3.0;3.0;4.0;3.0;3.0;3.0;3.0;3.0;3.5;3.0;3.0;3.2;-1;3.0;3.0;3.0;3.0;3.0;3.0;3.0;3.0;3.0;3.0;3.0;4.0;4.0;3.0;3.0;4.0;4.0;3.5;3.0;3.5;3.0;3.0;3.0;3.0;3.0;3.0;4.0;3.0;3.5;3.0;3.0;3.0;3.0;3.0;3.0;3.0;3.0;3.0;-1;3.5;4.0;3.0;4.0;3.0;3.5;3.0;3.0;4.0;3.0
Castelverde, Ubaldo Ferrari, 15;2.0;4.0;4.0;1.0;2.0;4.0;2.0;2.0;2.0;2.0;2.0;3.0;2.0;2.0;2.2;-1;1.5;2.0;2.0;1.5;2.0;2.0;2.0;2.0;2.0;2.0;2.0;4.0;4.0;2.0;2.0;4.0;4.0;3.0;1.5;3.0;2.0;2.0;1.5;1.5;2.0;2.0;4.0;2.0;3.0;2.0;2.0;2.3;2.0;2.0;2.0;3.0;2.0;1.5;-1;3.0;4.0;2.0;4.0;2.0;3.0;1.0;1.0;4.0;3.0
Cingia de' Botti, Giuseppina, 79;4.0;6.0;6.0;3.0;4.0;6.0;4.0;4.0;4.0;3.0;2.0;4.0;4.0;2.0;3.8;-1;3.5;4.0;2.0;3.5;4.0;2.0;4.0;2.0;2.0;2.0;4.0;6.0;6.0;3.0;4.0;6.0;6.0;5.0;3.5;4.0;3.0;4.0;2.5;3.5;4.0;4.0;6.0;2.0;5.0;4.0;2.0;3.7;2.0;4.0;2.0;5.0;3.0;2.5;-1;5.0;6.0;2.0;6.0;4.0;5.0;3.0;3.0;6.0;5.0
Crema, Civerchi, 9;2.8;4.2;4.2;2.2;2.8;4.2;2.8;2.8;2.8;2.5;2.2;3.2;2.8;2.2;2.9;-1;2.5;2.8;2.2;2.5;2.8;2.2;2.8;2.2;2.2;2.2;2.8;4.2;4.2;2.5;2.8;4.2;4.2;3.5;2.5;3.2;2.5;2.8;2.2;2.5;2.8;2.8;4.2;2.2;3.5;2.8;2.2;2.8;2.2;2.8;2.2;3.2;2.5;2.2;-1;3.5;4.2;2.2;4.2;2.8;3.5;2.2;2.2;4.2;3.2
Crema, Dante Alighieri, 49;-1.0;-1.0;-1.0;-1.0;-1.0;-1.0;-1.0;-1.0;-1.0;-1.0;-1.0;-1.0;-1.0;-1.0;-1.0;-1;-1.0;-1.0;-1.0;-1.0;-1.0;-1.0;-1.0;-1.0;-1.0;-1.0;-1.0;-1.0;-1.0;-1.0;-1.0;-1.0;-1.0;-1.0;-1.0;-1.0;-1.0;-1.0;-1.0;-1.0;-1.0;-1.0;-1.0;-1.0;-1.0;-1.0;-1.0;-1.0;-1.0;-1.0;-1.0;-1.0;-1.0;-1.0;-1;-1.0;-1.0;-1.0;-1.0;-1.0;-1.0;-1.0;-1.0;-1.0;-1.0
Cremona, Ugolani Dati, 4;2.5;4.5;4.5;1.5;2.5;4.5;2.5;2.5;2.5;2.0;1.5;3.0;2.5;1.5;2.5;-1;2.0;2.5;1.5;2.0;2.5;1.5;2.5;1.5;1.5;1.5;2.5;4.5;4.5;2.0;2.5;4.5;4.5;3.5;2.0;3.0;2.0;2.5;1.5;2.0;2.5;2.5;4.5;1.5;3.5;2.5;1.5;2.5;1.5;2.5;1.5;3.5;2.0;1.5;-1;3.5;4.5;1.5;4.5;2.5;3.5;1.5;1.5;4.5;3.5
Dovera, Oldrini 2;2.0;4.0;4.0;1.0;2.0;4.0;2.0;2.0;2.0;2.0;2.0;3.0;2.0;2.0;2.2;-1;1.5;2.0;2.0;1.5;2.0;2.0;2.0;2.0;2.0;2.0;2.0;4.0;4.0;2.0;2.0;4.0;4.0;3.0;1.5;3.0;2.0;2.0;1.5;1.5;2.0;2.0;4.0;2.0;3.0;2.0;2.0;2.3;2.0;2.0;2.0;3.0;2.0;1.5;-1;3.0;4.0;2.0;4.0;2.0;3.0;1.0;1.0;4.0;3.0
Fiesco, Giuseppe Parini, 10;4.0;6.0;6.0;3.0;4.0;6.0;4.0;4.0;4.0;3.0;2.0;4.0;4.0;2.0;3.8;-1;3.5;4.0;2.0;3.5;4.0;2.0;4.0;2.0;2.0;2.0;4.0;6.0;6.0;3.0;4.0;6.0;6.0;5.0;3.5;4.0;3.0;4.0;2.5;3.5;4.0;4.0;6.0;2.0;5.0;4.0;2.0;3.7;2.0;4.0;2.0;5.0;3.0;2.5;-1;5.0;6.0;2.0;6.0;4.0;5.0;3.0;3.0;6.0;5.0
Gadesco-Pieve Delmona, Giovanni Lonati 9;2.5;4.5;4.5;1.5;2.5;4.5;2.5;2.5;2.5;2.0;1.5;3.0;2.5;1.5;2.5;-1;2.0;2.5;1.5;2.0;2.5;1.5;2.5;1.5;1.5;1.5;2.5;4.5;4.5;2.0;2.5;4.5;4.5;3.5;2.0;3.0;2.0;2.5;1.5;2.0;2.5;2.5;4.5;1.5;3.5;2.5;1.5;2.5;1.5;2.5;1.5;3.5;2.0;1.5;-1;3.5;4.5;1.5;4.5;2.5;3.5;1.5;1.5;4.5;3.5
Grontardo, Roma, 16;2.0;4.0;4.0;1.0;2.0;4.0;2.0;2.0;2.0;2.0;2.0;3.0;2.0;2.0;2.2;-1;1.5;2.0;2.0;1.5;2.0;2.0;2.0;2.0;2.0;2.0;2.0;4.0;4.0;2.0;2.0;4.0;4.0;3.0;1.5;3.0;2.0;2.0;1.5;1.5;2.0;2.0;4.0;2.0;3.0;2.0;2.0;2.3;2.0;2.0;2.0;3.0;2.0;1.5;-1;3.0;4.0;2.0;4.0;2.0;3.0;1.0;1.0;4.0;3.0
Grumello Cremonese ed Uniti, Roma, 2;4.0;6.0;6.0;3.0;4.0;6.0;4.0;4.0;4.0;3.0;2.0;4.0;4.0;2.0;3.8;-1;3.5;4.0;2.0;3.5;4.0;2.0;4.0;2.0;2.0;2.0;4.0;6.0;6.0;3.0;4.0;6.0;6.0;5.0;3.5;4.0;3.0;4.0;2.5;3.5;4.0;4.0;6.0;2.0;5.0;4.0;2.0;3.7;2.0;4.0;2.0;5.0;3.0;2.5;-1;5.0;6.0;2.0;6.0;4.0;5.0;3.0;3.0;6.0;5.0
Gussola, Comaschi, 1;2.0;4.0;4.0;1.0;2.0;4.0;2.0;2.0;2.0;2.0;2.0;3.0;2.0;2.0;2.2;-1;1.5;2.0;2.0;1.5;2.0;2.0;2.0;2.0;2.0;2.0;2.0;4.0;4.0;2.0;2.0;4.0;4.0;3.0;1.5;3.0;2.0;2.0;1.5;1.5;2.0;2.0;4.0;2.0;3.0;2.0;2.0;2.3;2.0;2.0;2.0;3.0;2.0;1.5;-1;3.0;4.0;2.0;4.0;2.0;3.0;1.0;1.0;4.0;3.0
Isola Dovarese, Giacomo Matteotti, 1;4.0;6.0;6.0;3.0;4.0;6.0;4.0;4.0;4.0;3.0;2.0;4.0;4.0;2.0;3.8;-1;3.5;4.0;2.0;3.5;4.0;2.0;4.0;2.0;2.0;2.0;4.0;6.0;6.0;3.0;4.0;6.0;6.0;5.0;3.5;4.0;3.0;4.0;2.5;3.5;4.0;4.0;6.0;2.0;5.0;4.0;2.0;3.7;2.0;4.0;2.0;5.0;3.0;2.5;-1;5.0;6.0;2.0;6.0;4.0;5.0;3.0;3.0;6.0;5.0
Izano, Gerardo da Izano, 4/C;4.0;6.0;6.0;3.0;4.0;6.0;4.0;4.0;4.0;3.0;2.0;4.0;4.0;2.0;3.8;-1;3.5;4.0;2.0;3.5;4.0;2.0;4.0;2.0;2.0;2.0;4.0;6.0;6.0;3.0;4.0;6.0;6.0;5.0;3.5;4.0;3.0;4.0;2.5;3.5;4.0;4.0;6.0;2.0;5.0;4.0;2.0;3.7;2.0;4.0;2.0;5.0;3.0;2.5;-1;5.0;6.0;2.0;6.0;4.0;5.0;3.0;3.0;6.0;5.0
Madignano, Portici, 4;4.0;6.0;6.0;3.0;4.0;6.0;4.0;4.0;4.0;3.0;2.0;4.0;4.0;2.0;3.8;-1;3.5;4.0;2.0;3.5;4.0;2.0;4.0;2.0;2.0;2.0;4.0;6.0;6.0;3.0;4.0;6.0;6.0;5.0;3.5;4.0;3.0;4.0;2.5;3.5;4.0;4.0;6.0;2.0;5.0;4.0;2.0;3.7;2.0;4.0;2.0;5.0;3.0;2.5;-1;5.0;6.0;2.0;6.0;4.0;5.0;3.0;3.0;6.0;5.0
Martignana di Po, Libertà, 64;2.0;4.0;4.0;1.0;2.0;4.0;2.0;2.0;2.0;2.0;2.0;3.0;2.0;2.0;2.2;-1;1.5;2.0;2.0;1.5;2.0;2.0;2.0;2.0;2.0;2.0;2.0;4.0;4.0;2.0;2.0;4.0;4.0;3.0;1.5;3.0;2.0;2.0;1.5;1.5;2.0;2.0;4.0;2.0;3.0;2.0;2.0;2.3;2.0;2.0;2.0;3.0;2.0;1.5;-1;3.0;4.0;2.0;4.0;2.0;3.0;1.0;1.0;4.0;3.0
Monte Cremasco, Roma, 12;2.0;2.0;2.0;3.0;2.0;2.0;2.0;2.0;2.0;3.0;4.0;3.0;2.0;4.0;2.8;-1;2.5;2.0;4.0;2.5;2.0;4.0;2.0;4.0;4.0;4.0;2.0;2.0;2.0;3.0;2.0;2.0;2.0;2.0;2.5;3.0;3.0;2.0;3.5;2.5;2.0;2.0;2.0;4.0;2.0;2.0;4.0;2.3;4.0;2.0;4.0;1.0;3.0;3.5;-1;2.0;2.0;4.0;2.0;2.0;2.0;3.0;3.0;2.0;1.0
Montodine,  XXV Aprile, 10;2.0;2.0;2.0;3.0;2.0;2.0;2.0;2.0;2.0;3.0;4.0;3.0;2.0;4.0;2.8;-1;2.5;2.0;4.0;2.5;2.0;4.0;2.0;4.0;4.0;4.0;2.0;2.0;2.0;3.0;2.0;2.0;2.0;2.0;2.5;3.0;3.0;2.0;3.5;2.5;2.0;2.0;2.0;4.0;2.0;2.0;4.0;2.3;4.0;2.0;4.0;1.0;3.0;3.5;-1;2.0;2.0;4.0;2.0;2.0;2.0;3.0;3.0;2.0;1.0
Offanengo, Clavelli Martini, 5;3.0;5.0;5.0;2.0;3.0;5.0;3.0;3.0;3.0;2.5;2.0;3.5;3.0;2.0;3.0;-1;2.5;3.0;2.0;2.5;3.0;2.0;3.0;2.0;2.0;2.0;3.0;5.0;5.0;2.5;3.0;5.0;5.0;4.0;2.5;3.5;2.5;3.0;2.0;2.5;3.0;3.0;5.0;2.0;4.0;3.0;2.0;3.0;2.0;3.0;2.0;4.0;2.5;2.0;-1;4.0;5.0;2.0;5.0;3.0;4.0;2.0;2.0;5.0;4.0
Ostiano, Mazzini, 1;2.0;4.0;4.0;2.0;2.0;4.0;2.0;2.0;2.0;2.0;2.0;3.0;2.0;2.0;2.5;-1;2.0;2.0;2.0;2.0;2.0;2.0;2.0;2.0;2.0;2.0;2.0;4.0;4.0;2.0;2.5;4.0;4.0;3.0;2.0;3.0;2.0;2.0;2.0;2.0;2.0;2.0;4.0;2.0;3.0;2.0;2.0;2.3;2.0;2.0;2.0;3.0;2.0;2.0;-1;3.0;4.0;2.0;4.0;2.0;3.0;2.0;2.0;4.0;3.0
Paderno Ponchielli, Municipio, 3;2.0;2.0;2.0;3.0;2.0;2.0;2.0;2.0;2.0;3.0;4.0;3.0;2.0;4.0;2.8;-1;2.5;2.0;4.0;2.5;2.0;4.0;2.0;4.0;4.0;4.0;2.0;2.0;2.0;3.0;2.0;2.0;2.0;2.0;2.5;3.0;3.0;2.0;3.5;2.5;2.0;2.0;2.0;4.0;2.0;2.0;4.0;2.3;4.0;2.0;4.0;1.0;3.0;3.5;-1;2.0;2.0;4.0;2.0;2.0;2.0;3.0;3.0;2.0;1.0
Palazzo Pignano, Marco Polo, 31;2.0;2.0;2.0;3.0;2.0;2.0;2.0;2.0;2.0;3.0;4.0;3.0;2.0;4.0;2.8;-1;2.5;2.0;4.0;2.5;2.0;4.0;2.0;4.0;4.0;4.0;2.0;2.0;2.0;3.0;2.0;2.0;2.0;2.0;2.5;3.0;3.0;2.0;3.5;2.5;2.0;2.0;2.0;4.0;2.0;2.0;4.0;2.3;4.0;2.0;4.0;1.0;3.0;3.5;-1;2.0;2.0;4.0;2.0;2.0;2.0;3.0;3.0;2.0;1.0
Pandino, Castello, 15;2.0;3.0;3.0;2.0;2.0;3.0;2.0;2.0;2.0;2.5;3.0;3.0;2.0;3.0;2.5;-1;2.0;2.0;3.0;2.0;2.0;3.0;2.0;3.0;3.0;3.0;2.0;3.0;3.0;2.5;2.0;3.0;3.0;2.5;2.0;3.0;2.5;2.0;2.5;2.0;2.0;2.0;3.0;3.0;2.5;2.0;3.0;2.3;3.0;2.0;3.0;2.0;2.5;2.5;-1;2.5;3.0;3.0;3.0;2.0;2.5;2.0;2.0;3.0;2.0
Persico Dosimo, Albert ,7;2.5;4.5;4.5;1.5;2.5;4.5;2.5;2.5;2.5;2.0;1.5;3.0;2.5;1.5;2.5;-1;2.0;2.5;1.5;2.0;2.5;1.5;2.5;1.5;1.5;1.5;2.5;4.5;4.5;2.0;2.5;4.5;4.5;3.5;2.0;3.0;2.0;2.5;1.5;2.0;2.5;2.5;4.5;1.5;3.5;2.5;1.5;2.5;1.5;2.5;1.5;3.5;2.0;1.5;-1;3.5;4.5;1.5;4.5;2.5;3.5;1.5;1.5;4.5;3.5
Pescarolo ed Uniti, Giuseppe Mazzini, 73;3.0;4.0;4.0;3.0;3.0;4.0;3.0;3.0;3.0;3.0;3.0;3.5;3.0;3.0;3.2;-1;3.0;3.0;3.0;3.0;3.0;3.0;3.0;3.0;3.0;3.0;3.0;4.0;4.0;3.0;3.0;4.0;4.0;3.5;3.0;3.5;3.0;3.0;3.0;3.0;3.0;3.0;4.0;3.0;3.5;3.0;3.0;3.0;3.0;3.0;3.0;3.0;3.0;3.0;-1;3.5;4.0;3.0;4.0;3.0;3.5;3.0;3.0;4.0;3.0
Piadena, Platina, 40;3.0;5.0;5.0;2.0;3.0;5.0;3.0;3.0;3.0;2.5;2.0;3.5;3.0;2.0;3.0;-1;2.5;3.0;2.0;2.5;3.0;2.0;3.0;2.0;2.0;2.0;3.0;5.0;5.0;2.5;3.0;5.0;5.0;4.0;2.5;3.5;2.5;3.0;2.0;2.5;3.0;3.0;5.0;2.0;4.0;3.0;2.0;3.0;2.0;3.0;2.0;4.0;2.5;2.0;-1;4.0;5.0;2.0;5.0;3.0;4.0;2.0;2.0;5.0;4.0
Pianengo, Nenni;2.0;4.0;4.0;1.0;2.0;4.0;2.0;2.0;2.0;2.0;2.0;3.0;2.0;2.0;2.2;-1;1.5;2.0;2.0;1.5;2.0;2.0;2.0;2.0;2.0;2.0;2.0;4.0;4.0;2.0;2.0;4.0;4.0;3.0;1.5;3.0;2.0;2.0;1.5;1.5;2.0;2.0;4.0;2.0;3.0;2.0;2.0;2.3;2.0;2.0;2.0;3.0;2.0;1.5;-1;3.0;4.0;2.0;4.0;2.0;3.0;1.0;1.0;4.0;3.0
Pizzighettone, Giuseppe Garibaldi, 18;3.5;5.5;5.5;2.5;3.5;5.5;3.5;3.5;3.5;2.5;1.5;3.5;3.5;1.5;3.2;-1;3.0;3.5;1.5;3.0;3.5;1.5;3.5;1.5;1.5;1.5;3.5;5.5;5.5;2.5;3.5;5.5;5.5;4.5;3.0;3.5;2.5;3.5;2.0;3.0;3.5;3.5;5.5;1.5;4.5;3.5;1.5;3.2;1.5;3.5;1.5;4.5;2.5;2.0;-1;4.5;5.5;1.5;5.5;3.5;4.5;2.5;2.5;5.5;4.5
Manerbio, INSURREZIONE NAZIONALE;2.5;4.5;4.5;1.5;2.5;4.5;2.5;2.5;2.5;2.0;1.5;3.0;2.5;1.5;2.5;-1;2.0;2.5;1.5;2.0;2.5;1.5;2.5;1.5;1.5;1.5;2.5;4.5;4.5;2.0;2.5;4.5;4.5;3.5;2.0;3.0;2.0;2.5;1.5;2.0;2.5;2.5;4.5;1.5;3.5;2.5;1.5;2.5;1.5;2.5;1.5;3.5;2.0;1.5;-1;3.5;4.5;1.5;4.5;2.5;3.5;1.5;1.5;4.5;3.5
Viadana, A. Manzoni, 2;2.0;4.0;4.0;1.0;2.0;4.0;2.0;2.0;2.0;2.0;2.0;3.0;2.0;2.0;2.2;-1;1.5;2.0;2.0;1.5;2.0;2.0;2.0;2.0;2.0;2.0;2.0;4.0;4.0;2.0;2.0;4.0;4.0;3.0;1.5;3.0;2.0;2.0;1.5;1.5;2.0;2.0;4.0;2.0;3.0;2.0;2.0;2.3;2.0;2.0;2.0;3.0;2.0;1.5;-1;3.0;4.0;2.0;4.0;2.0;3.0;1.0;1.0;4.0;3.0
Ricengo, Guglielmo Marconi;2.0;4.0;4.0;1.0;2.0;4.0;2.0;2.0;2.0;2.0;2.0;3.0;2.0;2.0;2.2;-1;1.5;2.0;2.0;1.5;2.0;2.0;2.0;2.0;2.0;2.0;2.0;4.0;4.0;2.0;2.0;4.0;4.0;3.0;1.5;3.0;2.0;2.0;1.5;1.5;2.0;2.0;4.0;2.0;3.0;2.0;2.0;2.3;2.0;2.0;2.0;3.0;2.0;1.5;-1;3.0;4.0;2.0;4.0;2.0;3.0;1.0;1.0;4.0;3.0
Ripalta Cremasca, Roma, 5;2.0;2.0;2.0;3.0;2.0;2.0;2.0;2.0;2.0;3.0;4.0;3.0;2.0;4.0;2.8;-1;2.5;2.0;4.0;2.5;2.0;4.0;2.0;4.0;4.0;4.0;2.0;2.0;2.0;3.0;2.0;2.0;2.0;2.0;2.5;3.0;3.0;2.0;3.5;2.5;2.0;2.0;2.0;4.0;2.0;2.0;4.0;2.3;4.0;2.0;4.0;1.0;3.0;3.5;-1;2.0;2.0;4.0;2.0;2.0;2.0;3.0;3.0;2.0;1.0
Rivarolo del Re ed Uniti, Giovanni XXIII, 5;4.0;6.0;6.0;3.0;4.0;6.0;4.0;4.0;4.0;3.0;2.0;4.0;4.0;2.0;3.8;-1;3.5;4.0;2.0;3.5;4.0;2.0;4.0;2.0;2.0;2.0;4.0;6.0;6.0;3.0;4.0;6.0;6.0;5.0;3.5;4.0;3.0;4.0;2.5;3.5;4.0;4.0;6.0;2.0;5.0;4.0;2.0;3.7;2.0;4.0;2.0;5.0;3.0;2.5;-1;5.0;6.0;2.0;6.0;4.0;5.0;3.0;3.0;6.0;5.0
Rivolta d'Adda, Stefano Renzi, 5;2.0;3.0;3.0;2.0;2.0;3.0;2.0;2.0;2.0;2.5;3.0;3.0;2.0;3.0;2.5;-1;2.0;2.0;3.0;2.0;2.0;3.0;2.0;3.0;3.0;3.0;2.0;3.0;3.0;2.5;2.0;3.0;3.0;2.5;2.0;3.0;2.5;2.0;2.5;2.0;2.0;2.0;3.0;3.0;2.5;2.0;3.0;2.3;3.0;2.0;3.0;2.0;2.5;2.5;-1;2.5;3.0;3.0;3.0;2.0;2.5;2.0;2.0;3.0;2.0
Romanengo, Guaiarini, 14;2.0;4.0;4.0;1.0;2.0;4.0;2.0;2.0;2.0;2.0;2.0;3.0;2.0;2.0;2.2;-1;1.5;2.0;2.0;1.5;2.0;2.0;2.0;2.0;2.0;2.0;2.0;4.0;4.0;2.0;2.0;4.0;4.0;3.0;1.5;3.0;2.0;2.0;1.5;1.5;2.0;2.0;4.0;2.0;3.0;2.0;2.0;2.3;2.0;2.0;2.0;3.0;2.0;1.5;-1;3.0;4.0;2.0;4.0;2.0;3.0;1.0;1.0;4.0;3.0
San Bassano, Mons. Frosi;4.0;6.0;6.0;3.0;4.0;6.0;4.0;4.0;4.0;3.0;2.0;4.0;4.0;2.0;3.8;-1;3.5;4.0;2.0;3.5;4.0;2.0;4.0;2.0;2.0;2.0;4.0;6.0;6.0;3.0;4.0;6.0;6.0;5.0;3.5;4.0;3.0;4.0;2.5;3.5;4.0;4.0;6.0;2.0;5.0;4.0;2.0;3.7;2.0;4.0;2.0;5.0;3.0;2.5;-1;5.0;6.0;2.0;6.0;4.0;5.0;3.0;3.0;6.0;5.0
San Giovanni in Croce, Feudatari, 25 A;2.3;4.3;4.3;2.0;2.3;4.3;2.3;2.3;2.3;2.3;2.3;3.3;2.3;2.3;2.8;-1;2.2;2.3;2.3;2.2;2.3;2.3;2.3;2.3;2.3;2.3;2.3;4.3;4.3;2.3;2.7;4.3;4.3;3.3;2.2;3.3;2.3;2.3;2.2;2.2;2.3;2.3;4.3;2.3;3.3;2.3;2.3;2.7;2.3;2.3;2.3;3.3;2.3;2.2;-1;3.3;4.3;2.3;4.3;2.3;3.3;2.0;2.0;4.3;3.3
Scandolara Ravara, Italia;4.0;6.0;6.0;3.0;4.0;6.0;4.0;4.0;4.0;3.0;2.0;4.0;4.0;2.0;3.8;-1;3.5;4.0;2.0;3.5;4.0;2.0;4.0;2.0;2.0;2.0;4.0;6.0;6.0;3.0;4.0;6.0;6.0;5.0;3.5;4.0;3.0;4.0;2.5;3.5;4.0;4.0;6.0;2.0;5.0;4.0;2.0;3.7;2.0;4.0;2.0;5.0;3.0;2.5;-1;5.0;6.0;2.0;6.0;4.0;5.0;3.0;3.0;6.0;5.0
Sergnano, IV Novembre,  10;2.0;4.0;4.0;1.0;2.0;4.0;2.0;2.0;2.0;2.0;2.0;3.0;2.0;2.0;2.2;-1;1.5;2.0;2.0;1.5;2.0;2.0;2.0;2.0;2.0;2.0;2.0;4.0;4.0;2.0;2.0;4.0;4.0;3.0;1.5;3.0;2.0;2.0;1.5;1.5;2.0;2.0;4.0;2.0;3.0;2.0;2.0;2.3;2.0;2.0;2.0;3.0;2.0;1.5;-1;3.0;4.0;2.0;4.0;2.0;3.0;1.0;1.0;4.0;3.0
Sesto ed Uniti, Roma, 4;4.0;6.0;6.0;3.0;4.0;6.0;4.0;4.0;4.0;3.0;2.0;4.0;4.0;2.0;3.8;-1;3.5;4.0;2.0;3.5;4.0;2.0;4.0;2.0;2.0;2.0;4.0;6.0;6.0;3.0;4.0;6.0;6.0;5.0;3.5;4.0;3.0;4.0;2.5;3.5;4.0;4.0;6.0;2.0;5.0;4.0;2.0;3.7;2.0;4.0;2.0;5.0;3.0;2.5;-1;5.0;6.0;2.0;6.0;4.0;5.0;3.0;3.0;6.0;5.0
Solarolo Rainerio, Giuseppina, 81;1.0;3.0;3.0;2.0;1.0;3.0;1.0;1.0;1.0;2.0;3.0;3.0;1.0;3.0;2.2;-1;1.5;1.0;3.0;1.5;1.0;3.0;1.0;3.0;3.0;3.0;1.0;3.0;3.0;2.0;2.0;3.0;3.0;2.0;1.5;3.0;2.0;1.0;2.5;1.5;1.0;1.0;3.0;3.0;2.0;1.0;3.0;2.0;3.0;1.0;3.0;2.0;2.0;2.5;-1;2.0;3.0;3.0;3.0;1.0;2.0;2.0;2.0;3.0;2.0
Soncino, Dante Alighieri, 23;3.0;5.0;5.0;2.0;3.0;5.0;3.0;3.0;3.0;2.5;2.0;3.5;3.0;2.0;3.0;-1;2.5;3.0;2.0;2.5;3.0;2.0;3.0;2.0;2.0;2.0;3.0;5.0;5.0;2.5;3.0;5.0;5.0;4.0;2.5;3.5;2.5;3.0;2.0;2.5;3.0;3.0;5.0;2.0;4.0;3.0;2.0;3.0;2.0;3.0;2.0;4.0;2.5;2.0;-1;4.0;5.0;2.0;5.0;3.0;4.0;2.0;2.0;5.0;4.0
Soresina, Giacomo Matteotti, 6;3.5;5.5;5.5;2.5;3.5;5.5;3.5;3.5;3.5;2.5;1.5;3.5;3.5;1.5;3.2;-1;3.0;3.5;1.5;3.0;3.5;1.5;3.5;1.5;1.5;1.5;3.5;5.5;5.5;2.5;3.5;5.5;5.5;4.5;3.0;3.5;2.5;3.5;2.0;3.0;3.5;3.5;5.5;1.5;4.5;3.5;1.5;3.2;1.5;3.5;1.5;4.5;2.5;2.0;-1;4.5;5.5;1.5;5.5;3.5;4.5;2.5;2.5;5.5;4.5
Sospiro, Tosi;-1.0;-1.0;-1.0;-1.0;-1.0;-1.0;-1.0;-1.0;-1.0;-1.0;-1.0;-1.0;-1.0;-1.0;-1.0;-1;-1.0;-1.0;-1.0;-1.0;-1.0;-1.0;-1.0;-1.0;-1.0;-1.0;-1.0;-1.0;-1.0;-1.0;-1.0;-1.0;-1.0;-1.0;-1.0;-1.0;-1.0;-1.0;-1.0;-1.0;-1.0;-1.0;-1.0;-1.0;-1.0;-1.0;-1.0;-1.0;-1.0;-1.0;-1.0;-1.0;-1.0;-1.0;-1;-1.0;-1.0;-1.0;-1.0;-1.0;-1.0;-1.0;-1.0;-1.0;-1.0
Spino d'Adda, Circonvallazione, 13;2.0;3.0;3.0;2.0;2.0;3.0;2.0;2.0;2.0;2.5;3.0;3.0;2.0;3.0;2.5;-1;2.0;2.0;3.0;2.0;2.0;3.0;2.0;3.0;3.0;3.0;2.0;3.0;3.0;2.5;2.0;3.0;3.0;2.5;2.0;3.0;2.5;2.0;2.5;2.0;2.0;2.0;3.0;3.0;2.5;2.0;3.0;2.3;3.0;2.0;3.0;2.0;2.5;2.5;-1;2.5;3.0;3.0;3.0;2.0;2.5;2.0;2.0;3.0;2.0
Trescore Cremasco, Vittorio Veneto, 1;2.0;2.0;2.0;3.0;2.0;2.0;2.0;2.0;2.0;3.0;4.0;3.0;2.0;4.0;2.8;-1;2.5;2.0;4.0;2.5;2.0;4.0;2.0;4.0;4.0;4.0;2.0;2.0;2.0;3.0;2.0;2.0;2.0;2.0;2.5;3.0;3.0;2.0;3.5;2.5;2.0;2.0;2.0;4.0;2.0;2.0;4.0;2.3;4.0;2.0;4.0;1.0;3.0;3.5;-1;2.0;2.0;4.0;2.0;2.0;2.0;3.0;3.0;2.0;1.0
Trigolo, Roma, 26;4.0;6.0;6.0;3.0;4.0;6.0;4.0;4.0;4.0;3.0;2.0;4.0;4.0;2.0;3.8;-1;3.5;4.0;2.0;3.5;4.0;2.0;4.0;2.0;2.0;2.0;4.0;6.0;6.0;3.0;4.0;6.0;6.0;5.0;3.5;4.0;3.0;4.0;2.5;3.5;4.0;4.0;6.0;2.0;5.0;4.0;2.0;3.7;2.0;4.0;2.0;5.0;3.0;2.5;-1;5.0;6.0;2.0;6.0;4.0;5.0;3.0;3.0;6.0;5.0
Vaiano Cremasco,  Gloriosi Caduti, 3;2.0;2.0;2.0;3.0;2.0;2.0;2.0;2.0;2.0;3.0;4.0;3.0;2.0;4.0;2.8;-1;2.5;2.0;4.0;2.5;2.0;4.0;2.0;4.0;4.0;4.0;2.0;2.0;2.0;3.0;2.0;2.0;2.0;2.0;2.5;3.0;3.0;2.0;3.5;2.5;2.0;2.0;2.0;4.0;2.0;2.0;4.0;2.3;4.0;2.0;4.0;1.0;3.0;3.5;-1;2.0;2.0;4.0;2.0;2.0;2.0;3.0;3.0;2.0;1.0
Vailate, Dante Alighieri, 7;2.0;4.0;4.0;1.0;2.0;4.0;2.0;2.0;2.0;2.0;2.0;3.0;2.0;2.0;2.2;-1;1.5;2.0;2.0;1.5;2.0;2.0;2.0;2.0;2.0;2.0;2.0;4.0;4.0;2.0;2.0;4.0;4.0;3.0;1.5;3.0;2.0;2.0;1.5;1.5;2.0;2.0;4.0;2.0;3.0;2.0;2.0;2.3;2.0;2.0;2.0;3.0;2.0;1.5;-1;3.0;4.0;2.0;4.0;2.0;3.0;1.0;1.0;4.0;3.0
Vescovato, Roma, 44;2.0;3.0;3.0;2.0;2.0;3.0;2.0;2.0;2.0;2.5;3.0;3.0;2.0;3.0;2.5;-1;2.0;2.0;3.0;2.0;2.0;3.0;2.0;3.0;3.0;3.0;2.0;3.0;3.0;2.5;2.0;3.0;3.0;2.5;2.0;3.0;2.5;2.0;2.5;2.0;2.0;2.0;3.0;3.0;2.5;2.0;3.0;2.3;3.0;2.0;3.0;2.0;2.5;2.5;-1;2.5;3.0;3.0;3.0;2.0;2.5;2.0;2.0;3.0;2.0
Cremona, Felice Cavallotti, 2;3.0;5.0;5.0;2.0;3.0;5.0;3.0;3.0;3.0;2.0;1.0;3.0;3.0;1.0;2.8;-1;2.5;3.0;1.0;2.5;3.0;1.0;3.0;1.0;1.0;1.0;3.0;5.0;5.0;2.0;3.0;5.0;5.0;4.0;2.5;3.0;2.0;3.0;1.5;2.5;3.0;3.0;5.0;1.0;4.0;3.0;1.0;2.7;1.0;3.0;1.0;4.0;2.0;1.5;-1;4.0;5.0;1.0;5.0;3.0;4.0;2.0;2.0;5.0;4.0
Cremona, Palosca n. 2;3.0;5.0;5.0;2.0;3.0;5.0;3.0;3.0;3.0;2.0;1.0;3.0;3.0;1.0;2.8;-1;2.5;3.0;1.0;2.5;3.0;1.0;3.0;1.0;1.0;1.0;3.0;5.0;5.0;2.0;3.0;5.0;5.0;4.0;2.5;3.0;2.0;3.0;1.5;2.5;3.0;3.0;5.0;1.0;4.0;3.0;1.0;2.7;1.0;3.0;1.0;4.0;2.0;1.5;-1;4.0;5.0;1.0;5.0;3.0;4.0;2.0;2.0;5.0;4.0
Casaletto Vaprio, Maggiore, 7;2.0;2.0;2.0;3.0;2.0;2.0;2.0;2.0;2.0;3.0;4.0;3.0;2.0;4.0;2.8;-1;2.5;2.0;4.0;2.5;2.0;4.0;2.0;4.0;4.0;4.0;2.0;2.0;2.0;3.0;2.0;2.0;2.0;2.0;2.5;3.0;3.0;2.0;3.5;2.5;2.0;2.0;2.0;4.0;2.0;2.0;4.0;2.3;4.0;2.0;4.0;1.0;3.0;3.5;-1;2.0;2.0;4.0;2.0;2.0;2.0;3.0;3.0;2.0;1.0
Cremona, Sesto 39;1.0;3.0;3.0;2.0;1.0;3.0;1.0;1.0;1.0;2.0;3.0;3.0;1.0;3.0;2.2;-1;1.5;1.0;3.0;1.5;1.0;3.0;1.0;3.0;3.0;3.0;1.0;3.0;3.0;2.0;2.0;3.0;3.0;2.0;1.5;3.0;2.0;1.0;2.5;1.5;1.0;1.0;3.0;3.0;2.0;1.0;3.0;2.0;3.0;1.0;3.0;2.0;2.0;2.5;-1;2.0;3.0;3.0;3.0;1.0;2.0;2.0;2.0;3.0;2.0
